{
  "name": "J1617_mix_s24x1_s28x2",
  "strip_height": 1450.0,
  "items": [
    {
      "id": 0,
      "demand": 10,
      "shape": {
        "type": "simple_polygon",
        "data": [
          [
            273.02219,
            852.44873
          ],
          [
            422.19154000000003,
            856.7049400000001
          ],
          [
            527.72587,
            859.71596
          ],
          [
            539.8717899999999,
            860.7856800000001
          ],
          [
            552.45834,
            861.8512
          ],
          [
            564.97017,
            862.86789
          ],
          [
            577.44938,
            863.83934
          ],
          [
            589.86069,
            864.7628
          ],
          [
            602.2407900000001,
            865.64171
          ],
          [
            614.54922,
            866.4727800000001
          ],
          [
            626.8285000000001,
            867.2596
          ],
          [
            639.03156,
            867.99919
          ],
          [
            651.20949,
            868.6947600000001
          ],
          [
            663.30566,
            869.3433400000001
          ],
          [
            675.35545,
            869.94766
          ],
          [
            687.36443,
            870.50697
          ],
          [
            699.29436,
            871.0204299999999
          ],
          [
            711.2099499999999,
            871.49132
          ],
          [
            723.02757,
            871.9158199999999
          ],
          [
            734.81003,
            872.29691
          ],
          [
            746.5293099999999,
            872.63374
          ],
          [
            758.1785600000001,
            872.92633
          ],
          [
            769.80789,
            873.17589
          ],
          [
            781.3414799999999,
            873.3815
          ],
          [
            792.8531599999999,
            873.54424
          ],
          [
            804.25827,
            873.6629499999999
          ],
          [
            815.6518599999999,
            873.73955
          ],
          [
            826.9558000000001,
            873.7731200000001
          ],
          [
            838.2003,
            873.76396
          ],
          [
            849.40094,
            873.71223
          ],
          [
            860.54123,
            873.61847
          ],
          [
            873.5187500000001,
            873.45932
          ],
          [
            935.01259,
            856.3846599999999
          ],
          [
            969.82231,
            843.9775099999999
          ],
          [
            968.87619,
            826.8000000000001
          ],
          [
            968.6465499999999,
            822.34764
          ],
          [
            968.4494,
            817.9090100000001
          ],
          [
            968.30177,
            813.51349
          ],
          [
            968.21861,
            809.1584
          ],
          [
            968.21457,
            804.81133
          ],
          [
            968.26187,
            801.96533
          ],
          [
            968.35213,
            799.1017899999999
          ],
          [
            968.48618,
            796.2523699999999
          ],
          [
            968.66608,
            793.40706
          ],
          [
            968.8930499999999,
            790.57053
          ],
          [
            969.1682400000001,
            787.74956
          ],
          [
            969.49432,
            784.93065
          ],
          [
            969.8713700000001,
            782.12654
          ],
          [
            970.3035699999999,
            779.3212900000001
          ],
          [
            970.65628,
            777.26723
          ],
          [
            971.04111,
            775.21866
          ],
          [
            971.45897,
            773.18062
          ],
          [
            971.90887,
            771.16844
          ],
          [
            972.3944899999999,
            769.17351
          ],
          [
            972.9166399999999,
            767.20055
          ],
          [
            973.47595,
            765.2526899999999
          ],
          [
            974.07547,
            763.32695
          ],
          [
            974.71596,
            761.4265399999999
          ],
          [
            975.3981,
            759.5546
          ],
          [
            976.12427,
            757.70958
          ],
          [
            976.89606,
            755.89226
          ],
          [
            977.6799800000001,
            754.17694
          ],
          [
            978.50815,
            752.4881
          ],
          [
            979.3802599999999,
            750.82916
          ],
          [
            980.29472,
            749.2047100000001
          ],
          [
            981.2544300000001,
            747.61223
          ],
          [
            982.25662,
            746.05797
          ],
          [
            983.30338,
            744.5412399999999
          ],
          [
            984.39079,
            743.069
          ],
          [
            985.5238300000001,
            741.63658
          ],
          [
            986.7073800000001,
            740.2404
          ],
          [
            987.7592500000001,
            739.07791
          ],
          [
            988.85284,
            737.9407500000001
          ],
          [
            989.9827600000001,
            736.83517
          ],
          [
            991.14204,
            735.7679
          ],
          [
            992.33086,
            734.73892
          ],
          [
            993.54927,
            733.74847
          ],
          [
            994.7949199999999,
            732.7986900000001
          ],
          [
            996.06651,
            731.89087
          ],
          [
            997.3576400000001,
            731.0298899999999
          ],
          [
            998.67294,
            730.21263
          ],
          [
            999.97742,
            729.4599900000001
          ],
          [
            1002.08099,
            728.35686
          ],
          [
            1004.24919,
            727.33604
          ],
          [
            1006.52458,
            726.36223
          ],
          [
            1008.8962600000001,
            725.42625
          ],
          [
            1011.36307,
            724.51256
          ],
          [
            1013.9135699999999,
            723.60832
          ],
          [
            1023.91571,
            720.13969
          ],
          [
            1020.55412,
            682.6180999999999
          ],
          [
            1019.76395,
            669.86092
          ],
          [
            1019.56924,
            665.60974
          ],
          [
            1019.4160499999999,
            661.32301
          ],
          [
            1019.3013000000001,
            657.01706
          ],
          [
            1019.22218,
            652.71324
          ],
          [
            1019.1740400000001,
            648.38768
          ],
          [
            1019.15367,
            644.0632600000001
          ],
          [
            1019.1568,
            639.72462
          ],
          [
            1019.17984,
            635.35915
          ],
          [
            1019.21852,
            631.02516
          ],
          [
            1019.2695600000001,
            626.6325400000001
          ],
          [
            1019.32823,
            622.26864
          ],
          [
            1019.39232,
            617.80106
          ],
          [
            1019.39255,
            593.60416
          ],
          [
